"Input","Output","Updated Feedback"
"The staff is really interesting and helped me all the time and the customers were gentle all time.","The staff were really interesting and helped me all the time, and the customers were kind the whole time.","The error is subject-verb agreement and word choice. Change ""is"" to ""were"" because ""staff"" is a collective noun that can take a plural verb when referring to individuals. Change ""helped"" to ""were helping"" for consistency in tense, or keep ""helped"" if the action is completed. Add a comma before ""and"" to separate the clauses. Change ""gentle all time"" to ""kind the whole time"" for more natural phrasing and correct adjective use. This helps you use subject-verb agreement and descriptive language effectively."
"I learnt lots of things such as dealing with money and tickets and watch movies freely.","I learned lots of things, such as dealing with money and tickets, and watched movies for free.","The error is verb tense, punctuation, and phrasing. Change ""learnt"" to ""learned"" for American English consistency. Add a comma after ""things"" to introduce the list. Change ""watch"" to ""watched"" for tense consistency. Change ""freely"" to ""for free"" for more natural phrasing. This helps you use verb tenses, punctuation, and idiomatic expressions accurately."
"We got work at four in the afternoon and it is very relaxing. I had a day off that I spent time at home or going to the gym, where I met hansome guys.","We got to work at four in the afternoon, and it was very relaxing. I had a day off that I spent at home or going to the gym, where I met handsome guys.","The error is preposition, verb tense, and spelling. Add ""to"" after ""got"" for the correct phrasal verb ""got to work."" Add a comma before ""and"" to separate the clauses. Change ""is"" to ""was"" for past tense consistency. Change ""hansome"" to ""handsome"" for correct spelling. This helps you use prepositions, verb tenses, and spelling accurately."
"This summer was really great.","This summer was really great.","This sentence is grammatically correct. It uses the proper past tense and adjective to describe a past experience."
"I recommend you to try this kind of job in case you want to earn extra money and also meet new people.","I recommend that you try this kind of job if you want to earn extra money and also meet new people.","The error is phrasing and conjunction. Change ""recommend you to try"" to ""recommend that you try"" for grammatical correctness in formal recommendations. Change ""in case"" to ""if"" for a more natural conditional phrasing. This helps you use formal recommendations and conditional phrases correctly."
"Lots of kisses and hugs, please write soon","Hugs and kisses. Please write soon.","The error is phrasing and punctuation. Change ""Lots of kisses and hugs"" to ""Hugs and kisses"" for a more standard and concise closing. Add a period after ""kisses"" and ""soon"" for proper punctuation. This helps you use closings and punctuation effectively."
"Love","Love","This is correct! It’s a valid closing."
"Giselle","Giselle","This is correct! It’s a valid signature."
"In this essay I would like to highlight how a wide range of public transport can help people to save a bit of money and a lot of stressful hours stuck in the traffic jam.","In this essay, I would like to highlight how a wide range of public transport can help people save a bit of money and a lot of stressful hours stuck in traffic jams.","The error is punctuation and article use. Add a comma after ""essay"" to set off the introductory clause. Remove ""to"" before ""save"" as it is unnecessary with the verb ""help."" Change ""traffic jam"" to ""traffic jams"" for plural consistency. This helps you use punctuation and articles correctly."
"Firstly as everybody know the cost of the fuel is increasing more and more, adding to those the bill that own a car will bring, it became immediately clear that it is cheaper go around by public transport.","First, as everybody knows, the cost of fuel is increasing more and more. Adding to that the bills that owning a car will bring, it becomes immediately clear that it is cheaper to get around by public transport.","The error is punctuation, verb tense, and phrasing. Change ""Firstly"" to ""First"" for ordinal consistency. Add a comma after ""knows"" to separate the clauses. Add a period after ""more"" to split the sentences. Change ""those the bill"" to ""that the bills"" for clarity and plural form. Change ""own"" to ""owning"" for the correct gerund form. Change ""became"" to ""becomes"" for present tense. Add ""to"" before ""get"" for grammatical correctness. This helps you use punctuation, verb tenses, and phrasing accurately."
"Why then there still be so many people who prefer to drive their own car instead of seat comfortably on the train or on the tube reading their favorite book on their way to work?","Why are there still so many people who prefer to drive their own car instead of sitting comfortably on the train or the tube, reading their favorite book on their way to work?","The error is word order, verb form, and punctuation. Change ""there still be"" to ""are there still"" for correct word order in questions. Change ""seat"" to ""sitting"" for the correct gerund form. Add a comma before ""reading"" to separate the clauses. This helps you use word order, verb forms, and punctuation correctly."
"I would say that this is because the public transport are not so efficient as the should do.","I would say that this is because public transport is not as efficient as it should be.","The error is subject-verb agreement and phrasing. Change ""are"" to ""is"" for subject-verb agreement with ""public transport."" Remove ""the"" before ""public transport"" as it is unnecessary. Change ""as the should do"" to ""as it should be"" for grammatical correctness. This helps you use subject-verb agreement and phrasing accurately."
"In my town for example, I have been Waiting for up to forty minutes before I could take a bus.","In my town, for example, I have been waiting for up to forty minutes before I could get a bus.","The error is punctuation, capitalization, and phrasing. Add a comma after ""town"" for the introductory phrase. Change ""Waiting"" to ""waiting"" for consistent tense. Change ""take"" to ""get"" for more natural phrasing. This helps you use punctuation, capitalization, and phrasing correctly."
"I strongly believe that it is a shame because a lot of people like me would live their vehicles at home and take a train instead.","I strongly believe that it is a shame because a lot of people like me would leave their vehicles at home and take a train instead.","The error is verb choice. Change ""live"" to ""leave"" for the correct verb. This helps you use verb choice accurately."
"Secondly, the environment would improve its state indeed, as far as I can see the pollution caused by the traffic is ruining monuments and making the air dirty and heavy, the same is as far as waste of time is concerned, obviously the fewer cars are around the quicker you can get where you want.","Secondly, the environment would improve. As far as I can see, the pollution caused by traffic is ruining monuments and making the air dirty and heavy. The same is true as far as waste of time is concerned. Obviously, the fewer cars there are around, the quicker you can get to where you want.","The error is punctuation, phrasing, and article use. Add a period after ""improve"" to split the sentences. Add a comma after ""see"" for clause separation. Add a period after ""heavy"" to split the sentences. Add ""to"" before ""where"" for grammatical correctness. This helps you use punctuation, phrasing, and articles accurately."
"In conclusion I would really like that politicians who care about public transport will improve the services so that more people could leave their vehicles at home and move around much more easily.","In conclusion, I would really like politicians who care about public transport to improve the services so that more people could leave their vehicles at home and move around much more easily.","The error is punctuation and phrasing. Add a comma after ""conclusion"" for the introductory clause. Change ""that politicians...will improve"" to ""politicians...to improve"" for the correct infinitive construction. This helps you use punctuation and infinitives effectively."
"The problem is that if everyone thinks that traveling by car is convenient, absolutely everyone will go everywhere by car, and the roads will become chockablock.","The problem is that if everyone thinks that traveling by car is convenient, absolutely everyone will go everywhere by car, and the roads will become chockablock.","This sentence is grammatically correct. It uses proper conditional structure and vocabulary to describe a hypothetical situation and its consequences."
"You see man, I do n't like crowded roads, a nd prefere to travel by tram.","You see, man, I don’t like crowded roads, and prefer to travel by tram.","The error is punctuation, contraction, and spelling. Add a comma after ""see"" for the introductory phrase. Change ""do n't"" to ""don’t"" for the correct contraction. Change ""a nd"" to ""and"" for the correct spelling. Change ""prefere"" to ""prefer"" for the correct spelling. This helps you use punctuation, contractions, and spelling accurately."
"It is cheap and eloquence.","It is cheap and eloquent.","The error is adjective form. Change ""eloquence"" to ""eloquent"" for the correct adjective form. This helps you use adjectives correctly."
"I play basketball on weekends since I am little.","I have been playing basketball on weekends since I was little.","The error is verb tense. Change ""play"" to ""have been playing"" for the present perfect continuous tense to indicate an action that started in the past and continues to the present. Change ""am"" to ""was"" for the correct past tense. This helps you use verb tenses accurately."
"I also like to play baseball, too.","I also like to play baseball.","The error is redundancy. Remove ""too"" as it is redundant with ""also."" This helps you avoid redundancy in your writing."
"I can play basketball and baseball like no tomorrow.","I can play basketball and baseball like there is no tomorrow.","The error is phrasing. Change ""like no tomorrow"" to ""like there is no tomorrow"" for the correct idiomatic expression. This helps you use idiomatic expressions accurately."
"I usually play baseball with a group of my friends.","I usually play baseball with a group of my friends.","This sentence is grammatically correct. It uses the proper adverb and phrasing to describe a habitual action."
"I play with them on the playground.","I play with them in the playground.","The error is preposition. Change ""on"" to ""in"" for the correct preposition when referring to being inside an enclosed area like a playground. This helps you use prepositions correctly."
"I ca n't image the life without sports.","I can’t imagine life without sports.","The error is spelling and article use. Change ""ca n't"" to ""can’t"" for the correct contraction. Change ""image"" to ""imagine"" for the correct spelling. Change ""the life"" to ""life"" for more natural phrasing. This helps you use contractions, spelling, and articles accurately."
"In the today society.","In today's society.","The error is possessive form. Change ""the today society"" to ""today's society"" for the correct possessive form. This helps you use possessive forms correctly."
"The most people are travelling by their car, because the public transport was not convenient for people to use.","Most people travel by their cars because public transport is not convenient for people to use.","The error is phrasing, verb tense, and article use. Change ""The most people"" to ""Most people"" for more natural phrasing. Change ""are travelling"" to ""travel"" for the present tense. Change ""their car"" to ""their cars"" for plural consistency. Change ""was"" to ""is"" for the present tense. This helps you use phrasing, verb tenses, and articles correctly."
"Maybe, in fact the lands are more big, so that the transport had not published to anywhere.","Maybe, in fact, the land is bigger, so the transport has not been published anywhere.","The error is punctuation, plural, verb tense, and phrasing. Add commas after ""Maybe"" and ""fact"" for clarity. Change ""lands are more big"" to ""land is bigger"" for singular and comparative form. Change ""had not published"" to ""has not been published"" for the correct passive voice and tense. Change ""to anywhere"" to ""anywhere"" for more natural phrasing. This helps you use punctuation, plurals, verb tenses, and phrasing accurately."
"The general transport constructions can divided three levels.","The general transport facilities can be divided into three types.","The error is verb form, preposition, and word choice. Add ""be"" after ""can"" for the correct passive voice. Add ""into"" before ""three"" for the correct preposition. Change ""constructions"" to ""facilities"" for the appropriate noun. Change ""levels"" to ""types"" for context. This helps you use verb forms, prepositions, and word choice effectively."
"On the lands, the railroad and highway is the go through the most city roads.","On the land, the railroad and highway are the paths through the most city roads.","The error is plural, subject-verb agreement, and phrasing. Change ""lands"" to ""land"" for the singular form. Change ""is"" to ""are"" for subject-verb agreement with ""railroad and highway."" Change ""go through"" to ""paths through"" for the correct noun phrase. Add ""the"" before ""most"" for specificity. This helps you use plurals, subject-verb agreement, and phrasing correctly."
"In the sea, include the route and port construction.","On the sea, including the route and port facilities.","The error is preposition, verb form, and word choice. Change ""In"" to ""On"" for the correct preposition when referring to the sea. Change ""include"" to ""including"" for the correct gerund form. Change ""construction"" to ""facilities"" for the correct plural noun. This helps you use prepositions, verb forms, and word choice accurately."
"In the sky, include airplane flights and airport construction.","In the sky, including airplane flights and airport facilities.","The error is verb form and word choice. Change ""include"" to ""including"" for the correct gerund form. Change ""construction"" to ""facilities"" for the correct plural noun. This helps you use verb forms and word choice correctly."
"The transport construction and economic development has a close relationship, and utilized of land are more important.","Transport facilities and economic development have a close relationship, and land use is more important.","The error is article use, subject-verb agreement, and phrasing. Remove ""The"" and change ""construction"" to ""facilities"" for more natural phrasing. Change ""has"" to ""have"" for subject-verb agreement. Change ""utilized of land are"" to ""land use is"" for clarity and agreement. This helps you use articles, subject-verb agreement, and phrasing accurately."
"The development of the railroad and highway are easy to pulished, but construc of seaport and airport must with congenital condition.","The development of the railroad and highway is easy to publish, but the construction of seaports and airports must meet congenital conditions.","The error is subject-verb agreement, spelling, and phrasing. Change ""are"" to ""is"" for subject-verb agreement with ""development."" Change ""pulished"" to ""publish"" for the correct spelling. Change ""construc of seaport and airport"" to ""construction of seaports and airports"" for the correct spelling and plural form. Change ""must with congenital condition"" to ""must meet congenital conditions"" for grammatical correctness. This helps you use subject-verb agreement, spelling, and phrasing correctly."
"When integrate of the economy and land planning are accomplished, the public transport constrcutions are convenient for people to use.","When the integration of the economy and land planning is accomplished, public transport facilities will be convenient for people to use.","The error is phrasing, subject-verb agreement, and spelling. Change ""integrate of"" to ""integration of"" for the correct noun form. Change ""are"" to ""is"" for subject-verb agreement. Change ""constrcutions"" to ""facilities"" for the correct spelling. Change ""are"" to ""will be"" for the future tense. This helps you use phrasing, subject-verb agreement, and spelling accurately."
"I am going to write about how live is going to change in the next 50 years.","I am going to write about how life is going to change in the next 50 years.","The error is word choice. Change ""live"" to ""life"" for the correct noun. This helps you use word choice accurately."
"Although we do n't realised we have to be conscious","Although we don’t realize it, we have to be conscious","The error is verb tense, contraction, and punctuation. Change ""do n't"" to ""don’t"" for the correct contraction. Change ""realised"" to ""realize"" for the correct verb tense. Add ""it"" after ""realize"" for object clarity. Add a comma before ""we"" for clause separation. This helps you use verb tenses, contractions, and punctuation correctly."
"that every day is a different day if we compare with the one has passed.","that every day is a different day if we compare it with the one that has passed.","The error is pronoun and relative clause. Add ""it"" after ""compare"" for the object. Add ""that"" before ""has"" for the correct relative clause. This helps you use pronouns and relative clauses accurately."
"Some years ago we did n't use the technology to get in touch with friends and family but nowadays it 's the most important thing for","Some years ago, we didn’t use technology to get in touch with friends and family, but nowadays it’s the most important thing for","The error is punctuation, contraction, and article use. Add a comma after ""ago"" for the introductory phrase. Change ""did n't"" to ""didn’t"" for the correct contraction. Remove ""the"" before ""technology"" as it is unnecessary. Add a comma before ""but"" for clause separation. Change ""it 's"" to ""it’s"" for the correct contraction. This helps you use punctuation, contractions, and articles accurately."
"some people who they ca n't live without it.","some people who can’t live without it.","The error is pronoun and contraction. Remove ""they"" as it is redundant. Change ""ca n't"" to ""can’t"" for the correct contraction. This helps you use pronouns and contractions correctly."
"I am speaking about the mobile how it changed our life.","I am speaking about the mobile phone and how it changed our life.","The error is phrasing and conjunction. Add ""phone"" after ""mobile"" for clarity. Add ""and"" before ""how"" for the correct conjunction. This helps you use phrasing and conjunctions effectively."
"It 's normal","It’s normal","The error is contraction. Change ""It 's"" to ""It’s"" for the correct contraction. This helps you use contractions accurately."
"that in the next 50 years it is going to change.","that in the next 50 years it is going to change.","This sentence is grammatically correct. It uses the proper future tense to describe a future prediction."
"It will be more advantages in general and it will give us a lot of good things but maybe some bad things too.","There will be more advantages in general, and it will give us a lot of good things, but maybe some bad things too.","The error is subject, punctuation, and conjunction. Change ""It will be"" to ""There will be"" for the correct subject. Add a comma before ""and"" for clause separation. Add a comma before ""but"" for clause separation. This helps you use subjects, punctuation, and conjunctions accurately."
"To sum up, although we do n't want that our life changed it is normal that it will have different changes.","To sum up, although we don’t want our life to change, it is normal that it will undergo different changes.","The error is contraction, infinitive, and verb choice. Add a comma after ""up"" for the introductory phrase. Change ""do n't"" to ""don’t"" for the correct contraction. Remove ""that"" before ""our life"" as it is unnecessary. Change ""changed"" to ""to change"" for the correct infinitive. Change ""have"" to ""undergo"" for more natural phrasing. This helps you use contractions, infinitives, and verb choice effectively."
"It is necessary for our lives to have or to feel that we are getting better.","It is necessary for our lives to have or feel that we are getting better.","The error is redundancy. Remove ""to"" before ""feel"" as it is redundant with the infinitive ""to have."" This helps you avoid redundancy in your writing."
"My favourite sport is chess because it is the only game for our mind.","My favorite sport is chess because it is the only game for your mind.","The error is spelling and pronoun. Change ""favourite"" to ""favorite"" for American English consistency. Change ""our"" to ""your"" for direct address. This helps you use spelling and pronouns correctly."
"It also helps us in studies.","It also helps us in our studies.","The error is possessive form. Add ""our"" before ""studies"" for the correct possessive form. This helps you use possessive forms accurately."
"I agree that it 's not physical exercise but a mental one.","I agree that it’s not physical exercise but a mental one.","The error is contraction. Change ""it 's"" to ""it’s"" for the correct contraction. This helps you use contractions accurately."
"There are many physical exercises like swimming but name any game except chess that makes our mind sharp.","There are many physical exercises, like swimming, but name any game except chess that makes our minds sharp.","The error is punctuation and plural. Add commas around ""like swimming"" for the non-essential clause. Change ""mind"" to ""minds"" for plural consistency. This helps you use punctuation and plural forms correctly."
"I like many other games but the best one is this.","I like many other games, but the best one is this.","The error is punctuation. Add a comma before ""but"" for clause separation. This helps you use punctuation accurately."
"I am not saying that we should always play chess as physical activities are also important.","I am not saying that we should always play chess, as physical activities are also important.","The error is punctuation. Add a comma before ""as"" for clause separation. This helps you use punctuation correctly."
"The reason why I would advise someone this sport is that the children who are not interested in there studies or would not be able to study.","The reason why I would recommend this sport is that children who are not interested in their studies or would not be able to study.","The error is verb choice and possessive form. Change ""advise"" to ""recommend"" for the correct verb in this context. Change ""the children"" to ""children"" for general reference. Change ""there"" to ""their"" for the correct possessive form. This helps you use verb choice and possessive forms accurately."
"In that case chess would help him.It would make child mind sharp and he would not get distract by the surroundings.","In that case, chess would help him. It would make the child’s mind sharp, and he would not get distracted by the surroundings.","The error is punctuation, possessive form, and verb form. Add a comma after ""case"" for the introductory phrase. Add a period after ""him"" to split the sentences. Add ""the"" and ""’s"" to ""child mind"" for the correct possessive form. Add a comma before ""and"" for clause separation. Change ""distract"" to ""distracted"" for the correct past participle. This helps you use punctuation, possessive forms, and verb forms correctly."
"Local transportation is one of the most problem in our area.","Local transportation is one of the most serious problems in our area.","The error is phrasing and adjective form. Change ""most problem"" to ""most serious problems"" for grammatical and contextual accuracy. This helps you use adjectives and phrasing effectively."
"The local transportation become difficult and expensive.","The local transportation has become difficult and expensive.","The error is verb tense. Change ""become"" to ""has become"" for the present perfect tense to indicate a change that has occurred over time. This helps you use verb tenses accurately."
"so the government must take an action to make it easy.","So the government must take action to make it easier.","The error is capitalization, article use, and comparative form. Capitalize ""So"" for the sentence start. Remove ""an"" before ""action"" as it is unnecessary. Change ""easy"" to ""easier"" for the comparative form. This helps you use capitalization, articles, and comparative forms correctly."
"Public media also must educate people the importance of Local translation and how they preserve it.","Public media must also educate people in the importance of local transport and how they can preserve it.","The error is word order, preposition, and phrasing. Move ""also"" after ""must"" for better flow. Add ""in"" before ""the importance"" for the correct preposition. Change ""translation"" to ""transport"" for the correct spelling. Add ""can"" before ""preserve"" for the correct modal verb. This helps you use word order, prepositions, and phrasing accurately."
"The Government must save the gasoline and jazz to resolve the problem.","The government must conserve gasoline and resources to solve the problem.","The error is capitalization, word choice, and phrasing. Change ""Government"" to ""government"" for consistency. Change ""save"" to ""conserve"" for the correct context. Change ""jazz"" to ""resources"" for clarity. Change ""resolve"" to ""solve"" for a more natural synonym. This helps you use capitalization, word choice, and phrasing effectively."
"they must find a solution to this difficult problem.","They must find a solution to this difficult problem.","The error is capitalization. Capitalize ""They"" for the sentence start. This helps you use capitalization correctly."
"They must maintain roads.","They must maintain the roads.","The error is article use. Add ""the"" before ""roads"" for specificity. This helps you use articles accurately."
"People also have an important role to solve this problem.","People also have an important role in solving this problem.","The error is phrasing. Change ""to solve"" to ""in solving"" for the correct gerund form. This helps you use gerunds effectively."
"They should reserve the energy by using bus instead of using their own cars.","They should conserve energy by using buses instead of using their own cars.","The error is verb choice and plural. Change ""reserve"" to ""conserve"" for the correct context. Change ""bus"" to ""buses"" for plural consistency. This helps you use verb choice and plural forms accurately."
"They also can walk or ride a cycle.","They can also walk or ride a bike.","The error is word order and word choice. Move ""also"" after ""can"" for better flow. Change ""cycle"" to ""bike"" for more common usage. This helps you use word order and word choice effectively."
"Government must maintain the public transportation and make it safe.","The government must maintain public transportation and make it safe.","The error is article use. Add ""The"" before ""government"" for the correct article use. Remove ""the"" before ""public transportation"" as it is unnecessary. This helps you use articles correctly."
"We can solve this problem if we want that.","We can solve this problem if we want to.","The error is phrasing. Change ""want that"" to ""want to"" for the correct infinitive form. This helps you use infinitives accurately."
"I have thought that writing an article on my favourite sport would be interesting for the readers, above all, and making no differences on the sport you have chosen, it is paramount practising some sport, whatever you choose, such as spinning, that is my favourite sport.","I have thought that writing an article on my favorite sport would be interesting for the readers. Above all, regardless of the sport you have chosen, it is paramount to do some sport, whatever you choose, such as spinning, which is my favorite sport.","The error is punctuation, phrasing, and verb form. Change ""favourite"" to ""favorite"" for American English consistency. Add a period after ""readers"" to split the sentences. Change ""above all"" to a new sentence with a period. Change ""making no differences on"" to ""regardless of"" for clarity. Change ""practising"" to ""to do"" for the correct infinitive. Change ""that is"" to ""which is"" for the correct relative clause. This helps you use punctuation, phrasing, and verb forms effectively."
"My piece of advice to take up a hobby, in this case a physical hobby, which is interesting for your health.","My piece of advice for taking up a hobby, in this case a physical hobby, which is good for your health.","The error is phrasing and adjective. Change ""to take up"" to ""for taking up"" for the correct gerund form. Change ""interesting for"" to ""good for"" for more natural phrasing. This helps you use gerunds and adjectives accurately."
"I rather enjoy spinning, feeling the rhythmn of the music lowder and lowder, this gives me high energy each time I went spinning.","I rather enjoy spinning, feeling the rhythm of the music louder and louder. This gives me high energy each time I go spinning.","The error is spelling, punctuation, and verb tense. Change ""rhythmn"" to ""rhythm"" for the correct spelling. Change ""lowder"" to ""louder"" for the correct spelling (twice). Add a period after ""louder"" to split the sentences. Change ""went"" to ""go"" for the present tense. This helps you use spelling, punctuation, and verb tenses correctly."
"If you want to start practising some sport, first of all think about how much time you are willing to spend on it, then try once and if you are having a good time go ahead and do the most of your time enjoying sport, nevertheless, be careful and go slowly because you might be injured.","If you want to start doing some sport, first of all, think about how much time you are willing to spend on it. Then try once, and if you are having a good time, go ahead and make the most of your time enjoying sport. Nevertheless, be careful and go slowly because you might get injured.","The error is verb form, punctuation, phrasing, and word choice. Change ""practising"" to ""doing"" for the correct gerund form. Add a comma after ""first of all"" for clarity. Add a period after ""it"" to split the sentences. Add a comma before ""and"" for clause separation. Change ""do the most of"" to ""make the most of"" for the correct idiomatic expression. Add a comma before ""Nevertheless"" for the conjunction. Change ""be injured"" to ""get injured"" for more natural phrasing. This helps you use verb forms, punctuation, phrasing, and word choice accurately."
"the more sport you practise the better you feel, indeed, your mood would not be blue anymore and your body will be thin and gorgeous.","The more sport you do, the better you feel. Indeed, your mood will not be blue anymore, and your body will be thin and gorgeous.","The error is capitalization, verb form, punctuation, and phrasing. Capitalize ""The"" for the sentence start. Change ""practise"" to ""do"" for the correct verb form. Add a comma after ""do"" for the correlative construction. Add a period after ""feel"" to split the sentences. Change ""would not"" to ""will not"" for the future tense. Add a comma before ""and"" for clause separation. This helps you use capitalization, verb forms, punctuation, and phrasing correctly."
"First of all, my opinion is that there is a future for the public transport systems.","First of all, my opinion is that there is a future for public transport systems.","The error is article use. Remove ""the"" before ""public transport"" as it is unnecessary. This helps you use articles accurately."
"If we take a look on the Swiss public transport system, in the bigger cities almost all people go to work by public transport.","If we take a look at the Swiss public transport system, in the bigger cities almost all people go to work by public transport.","The error is preposition. Change ""on"" to ""at"" for the correct preposition. This helps you use prepositions correctly."
"The advantage they get is the following: They dont't have to look for parking possibilities, they can leave the bus or the train and a few minutes after they can begin to work.","The advantages they get are the following: They don’t have to look for parking possibilities. They can leave the bus or the train, and a few minutes later they can begin to work.","The error is plural, verb form, and punctuation. Change ""advantage"" to ""advantages"" for the plural form. Change ""are"" to ""is"" for subject-verb agreement. Change ""dont't"" to ""don’t"" for the correct contraction. Add a period after ""possibilities"" to split the sentences. Add a comma before ""and"" for clause separation. Change ""after"" to ""later"" for more natural phrasing. This helps you use plurals, verb forms, and punctuation accurately."
"These people also help to protect the environment by saving our natural resources like petrol.","These people also help protect the environment by conserving our natural resources like petrol.","The error is phrasing and verb choice. Remove ""to"" before ""protect"" as it is unnecessary. Change ""saving"" to ""conserving"" for the correct context. This helps you use phrasing and verb choice effectively."
"To conclure, in bigger cities like Bern or Zurich there are no doubts that the public transport system would be less convenient than travelling by car.","To conclude, in bigger cities like Bern or Zurich, there is no doubt that the public transport system would be less convenient than traveling by car.","The error is spelling, punctuation, and subject-verb agreement. Change ""conclure"" to ""conclude"" for the correct spelling. Add a comma after ""Zurich"" for clause separation. Change ""are no doubts"" to ""is no doubt"" for the correct singular form. Change ""travelling"" to ""traveling"" for American English consistency. This helps you use spelling, punctuation, and subject-verb agreement correctly."
"The process how to make the notes for the bank can be outlined in six consecutive steps.","The process for making bank notes can be outlined in six consecutive steps.","The error is phrasing. Change ""how to make the notes for the bank"" to ""for making bank notes"" for more concise phrasing. This helps you use phrasing effectively."
"First, the bank notes should be considerated how to design included background colour, artwork and security issues.","First, bank notes should be considered for design, including background color, artwork, and security issues.","The error is verb form, phrasing, and spelling. Change ""considerated"" to ""considered"" for the correct spelling. Change ""how to design included"" to ""for design, including"" for clarity. Change ""colour"" to ""color"" for American English consistency. This helps you use verb forms, phrasing, and spelling accurately."
"Then, they are supposed to prepare a skiled machinists.","Then, they are prepared by skilled machinists.","The error is phrasing and spelling. Change ""supposed to prepare a skiled machinists"" to ""prepared by skilled machinists"" for the correct passive voice and spelling (""skiled"" to ""skilled""). This helps you use passive voice and spelling correctly."
"Subsequently, the sheets of bank notes are printed on the metal plates.","Subsequently, the sheets of bank notes are printed on metal plates.","The error is article use. Remove ""the"" before ""metal plates"" as it is unnecessary. This helps you use articles accurately."
"The notes have special link with colour on both sides, which raised images slightly.","The notes have special ink with color on both sides, which raises images slightly.","The error is word choice and verb tense. Change ""link"" to ""ink"" for the correct context. Change ""colour"" to ""color"" for American English consistency. Change ""raised"" to ""raises"" for the present tense. This helps you use word choice and verb tenses correctly."
"The most important step is inspect the notes which are good quality sheets and which are bad sheets.","The most important step is inspecting the notes to see which are good quality sheets and which are bad sheets.","The error is verb form and phrasing. Change ""is inspect"" to ""is inspecting"" for the correct gerund form. Add ""to see"" after ""notes"" for clarity. This helps you use verb forms and phrasing accurately."
"If the sheets are good, those sheets are then cut into separately and packed into cars in order to dispatach all over the city.","If the sheets are good, those sheets are then cut into separate bank notes and packed into cars to be dispatched all over the city.","The error is phrasing and spelling. Change ""into separately"" to ""into separate bank notes"" for clarity. Change ""in order to dispatach"" to ""to be dispatched"" for the correct infinitive and spelling. This helps you use phrasing and spelling correctly."
"If the sheets are bad, those sheets are then destroyed through burning.","If the sheets are bad, those sheets are then destroyed by burning.","The error is preposition. Change ""through burning"" to ""by burning"" for the correct preposition. This helps you use prepositions accurately."
"Sport is very important part of a healthy lifestyle.","Sport is a very important part of a healthy lifestyle.","The error is article use. Add ""a"" before ""very important"" for the correct article use. This helps you use articles correctly."
"It keeps our body strong.","It keeps our bodies strong.","The error is plural form. Change ""body"" to ""bodies"" for plural consistency. This helps you use plural forms accurately."
"Today we have a lot of different sports, so we can choose something that really fits ourselves.","Today we have a lot of different sports, so we can choose something that really suits us.","The error is punctuation and phrasing. Add a comma after ""sports"" for clause separation. Change ""fits ourselves"" to ""suits us"" for more natural phrasing. This helps you use punctuation and phrasing effectively."
"I enjoy running.","I enjoy running.","This sentence is grammatically correct. It uses the proper verb form and phrasing to describe an activity."
"It is a kind of thing that everybody can do and it effects all parts of my body.","It is a kind of thing that anybody can do, and it affects all parts of my body.","The error is pronoun and verb form. Change ""everybody"" to ""anybody"" for more natural phrasing. Add a comma before ""and"" for clause separation. Change ""effects"" to ""affects"" for the correct verb form. This helps you use pronouns, punctuation, and verb forms accurately."
"I literally feel myself stronger after every time I run.","I literally feel stronger after every time I run.","The error is reflexive pronoun. Remove ""myself"" as it is redundant. This helps you avoid redundancy in your writing."
"There is no doubt that traffic adds to pollution.","There is no doubt that traffic adds to pollution.","This sentence is grammatically correct. It uses the proper phrasing and tense to describe a general fact."
"The public transport offers a possible solution for the problem, because much people can transported in one vehicle.","Public transport offers a possible solution to the problem because many people can be transported in one vehicle.","The error is article use, quantifier, and verb form. Remove ""The"" before ""public transport"" as it is unnecessary. Change ""for"" to ""to"" for the correct preposition. Change ""much people"" to ""many people"" for the correct quantifier. Change ""can transported"" to ""can be transported"" for the correct passive voice. This helps you use articles, quantifiers, and verb forms accurately."
"The government has a responsibility to encourage the public to use buses and the underground more.","The government has a responsibility to encourage the public to use buses and the underground more.","This sentence is grammatically correct. It uses the proper phrasing and tense to describe a responsibility."
"However, there are a number of changes that need to be considered.","However, there are a number of changes that need to be considered.","This sentence is grammatically correct. It uses the proper conjunction and phrasing to introduce additional considerations."
"Firstly, public transport should be made free.","Firstly, public transport should be made free.","This sentence is grammatically correct. It uses the proper adverb and phrasing to introduce a suggestion."
"The government should raise taxes for pay for the service.","The government should raise taxes to pay for the service.","The error is preposition. Change ""for pay"" to ""to pay"" for the correct infinitive form. This helps you use infinitives accurately."
"Cars are generally more expensive.","Cars are generally more expensive.","This sentence is grammatically correct. It uses the proper comparative form and phrasing to describe a general fact."
"First, I think the public transport is more expensive.","First, I think public transport is more expensive.","The error is article use. Remove ""the"" before ""public transport"" as it is unnecessary. This helps you use articles correctly."
"And if we compare the money you spend with the car and the amount that you spend with the public transport, it is less.","And if we compare the money you spend on a car and the amount you spend on public transport, it is less.","The error is preposition and redundancy. Change ""with the car"" to ""on a car"" for the correct preposition. Change ""with the public transport"" to ""on public transport"" for the correct preposition. Remove ""that"" before ""you spend"" as it is unnecessary. This helps you use prepositions and avoid redundancy."
"Secondly, if you use the car, you haven't wait much time ti catch the bus or the train, and maybe you can arrive later at your job, for this situation.","Secondly, if you use the car, you don’t have to wait a long time to catch the bus or the train, and maybe you can arrive late for work in this situation.","The error is verb form, spelling, and phrasing. Change ""haven't wait"" to ""don’t have to wait"" for the correct modal and tense. Change ""much time ti catch"" to ""a long time to catch"" for clarity and correct spelling. Change ""later at your job"" to ""late for work"" for more natural phrasing. Change ""for this situation"" to ""in this situation"" for the correct preposition. This helps you use verb forms, spelling, and phrasing accurately."
"I believe that use your car has a lot of advantages or benefits, it is more comfartable and less expensive.","I believe that using your car has a lot of advantages or benefits. It is more comfortable and less expensive.","The error is verb form, punctuation, and spelling. Change ""use"" to ""using"" for the correct gerund form. Add a period after ""benefits"" to split the sentences. Change ""comfartable"" to ""comfortable"" for the correct spelling. This helps you use verb forms, punctuation, and spelling correctly."
"last summer i worked at cinema.i think it is a very good job because you can see any films you like for free.","Last summer I worked at a cinema. I think it is a very good job because you can see any films you like for free.","The error is capitalization, article use, and punctuation. Capitalize ""Last"" and ""I"" for the sentence start. Add ""a"" before ""cinema"" for the correct article use. Add a period after ""cinema"" to split the sentences. This helps you use capitalization, articles, and punctuation accurately."
"The minus of this work is very big salary and i think that i will work at this cinema on the next summer.","The drawback of this work is a very low salary, and I think that I will work at this cinema next summer.","The error is word choice, article use, punctuation, and phrasing. Change ""minus"" to ""drawback"" for the correct context. Add ""a"" and change ""big"" to ""low"" for logical sense. Add a comma before ""and"" for clause separation. Capitalize ""I"" for consistency. Change ""on the next summer"" to ""next summer"" for more natural phrasing. This helps you use word choice, articles, punctuation, and phrasing effectively."
"My favourite sport is doing yoga.","My favorite sport is yoga.","The error is phrasing and spelling. Change ""favourite"" to ""favorite"" for American English consistency. Remove ""doing"" and ""is"" for more concise phrasing. This helps you use phrasing and spelling accurately."
"I do yoga to aid relaxation.","I do yoga to aid relaxation.","This sentence is grammatically correct. It uses the proper verb form and phrasing to describe a purpose."
"Yoga calms und vitalizes body and mind.","Yoga calms and vitalizes body and mind.","The error is conjunction and spelling. Change ""und"" to ""and"" for the correct conjunction. Change ""vitalizes"" to ""vitalises"" for British English consistency (optional, but consistent with ""calms""). This helps you use conjunctions and spelling correctly."
"I do yoga at least one hour every day.","I do yoga at least one hour every day.","This sentence is grammatically correct. It uses the proper phrasing and tense to describe a habitual action."
"From Monday to Friday I do it at home, at weekends I attend yoga classes.","From Monday to Friday, I do it at home. At weekends, I attend yoga classes.","The error is punctuation. Add a comma after ""Friday"" for the introductory phrase. Add a period after ""home"" to split the sentences. Add a comma after ""weekends"" for the introductory phrase. This helps you use punctuation correctly."
"Yoga is a very convenient sport.","Yoga is a very convenient sport.","This sentence is grammatically correct. It uses the proper adjective and phrasing to describe a characteristic."
"We can do it at any time as we like.","We can do it at any time as we like.","This sentence is grammatically correct. It uses the proper phrasing and tense to describe flexibility."
"But if you are beginner, it 's better for you to attend regular yoga classes.","But if you are a beginner, it’s better for you to attend regular yoga classes.","The error is article use and contraction. Add ""a"" before ""beginner"" for the correct article use. Change ""it 's"" to ""it’s"" for the correct contraction. This helps you use articles and contractions accurately."
"You can learn correct Postures in classes.","You can learn correct postures in classes.","The error is capitalization. Change ""Postures"" to ""postures"" for lowercase consistency. This helps you use capitalization correctly."
"After doing it skillfully, you can do it at home or any place.","After doing it skillfully, you can do it at home or any place.","This sentence is grammatically correct. It uses the proper adverb and phrasing to describe a progression."
"People 's lives will change dramatically in the next 50 years, Equipment and tools have evolved since the beginning of human history.","People’s lives will change dramatically in the next 50 years. Equipment and tools have evolved since the beginning of human history.","The error is punctuation and capitalization. Add a period after ""years"" to split the sentences. Change ""Equipment"" to ""equipment"" for lowercase consistency. This helps you use punctuation and capitalization accurately."
"In recent decades, however, developments have been particularly groundbreaking, Man has been able to invent machines, which they have been put to work automation is a great help to mankind, because it significantly increases the standard of living and frees people form hard work.","In recent decades, however, developments have been particularly groundbreaking. Man has been able to invent machines, which have been put to work. Automation is a great help to mankind because it significantly increases the standard of living and frees people from hard work.","The error is punctuation, pronoun, and spelling. Add a period after ""groundbreaking"" to split the sentences. Remove ""they"" before ""have been"" as it is redundant. Add a period after ""work"" to split the sentences. Change ""form"" to ""from"" for the correct spelling. This helps you use punctuation, pronouns, and spelling correctly."
"The result is much less work and a better life.","The result is much less work and a better life.","This sentence is grammatically correct. It uses the proper phrasing and tense to describe outcomes."
"The disadvantage, however, is that because of the machines many people have lost their jobs","The disadvantage, however, is that because of the machines, many people have lost their jobs.","The error is punctuation. Add a comma after ""machines"" for clause separation. Add a period at the end for punctuation. This helps you use punctuation correctly."
"Dear Jo","Dear Jo","This is correct! It’s a valid salutation."
"I read your letter, I would like to know some details about what places do you want to visit.","I read your letter. I would like to know some details about what places you want to visit.","The error is punctuation and word order. Add a period after ""letter"" to split the sentences. Change ""do you want"" to ""you want"" for the correct word order. This helps you use punctuation and word order accurately."
"I advise you to visit Queretaro it has had an excellent service with foreign people since five years ago.","I advise you to visit Queretaro. It has had excellent service with foreign people for five years.","The error is punctuation and time expression. Add a period after ""Queretaro"" to split the sentences. Change ""since five years ago"" to ""for five years"" for the correct time expression. This helps you use punctuation and time expressions correctly."
"Talking about your new job, I was searching some vacancies however it required a job for full - time, so I am going to continue searching some jobs of part - time.","Talking about your new job, I was searching for some vacancies. However, it required a full-time worker, so I am going to continue searching for part-time jobs.","The error is preposition, punctuation, and phrasing. Add a period after ""vacancies"" to split the sentences. Add ""for"" after ""searching"" for the correct preposition. Add a period after ""worker"" to split the sentences. Change ""a job for full - time"" to ""a full-time worker"" for clarity. Change ""jobs of part - time"" to ""part-time jobs"" for phrasing. This helps you use prepositions, punctuation, and phrasing effectively."
"See you when you arrive at Mexico City","See you when you arrive in Mexico City.","The error is preposition and punctuation. Change ""at"" to ""in"" for the correct preposition when referring to arriving in a city. Add a period at the end for punctuation. This helps you use prepositions and punctuation accurately."
"Sincerely","Sincerely","This is correct! It’s a standard closing."
"Uriel","Uriel","This is correct! It’s a valid signature."
"Nowadays people get around constantly.","Nowadays, people are constantly on the move.","The error is punctuation and phrasing. Add a comma after ""Nowadays"" for the introductory phrase. Change ""get around constantly"" to ""are constantly on the move"" for more varied phrasing. This helps you use punctuation and phrasing effectively."
"It 's better use public transport or private transport?","Is it better to use public transport or private transport?","The error is phrasing and punctuation. Change ""It 's better use"" to ""Is it better to use"" for the correct question form and infinitive. Add a question mark after ""transport"" for punctuation. This helps you use question forms and infinitives accurately."
"Well, ecologists say that get around using transport public is more beneficial for the environment than using the car or motorbike.","Well, ecologists say that getting around using public transport is more beneficial for the environment than using a car or motorbike.","The error is verb form, word order, and article use. Add a comma after ""Well"" for the introductory phrase. Change ""get around"" to ""getting around"" for the correct gerund form. Change ""transport public"" to ""public transport"" for the correct word order. Add ""a"" before ""car"" for the correct article use. This helps you use verb forms, word order, and articles correctly."
"In recent years the numbers of people who use public transport has increased a lot, in comparison with ten years ago.","In recent years, the number of people who use public transport has increased a lot, in comparison with ten years ago.","The error is punctuation and subject-verb agreement. Add a comma after ""years"" for the introductory phrase. Change ""numbers"" to ""number"" for the correct singular form. This helps you use punctuation and subject-verb agreement accurately."
"But actually does it has a future?","But does it actually have a future?","The error is word order and verb form. Change ""But actually does it has"" to ""But does it actually have"" for the correct word order and verb form. This helps you use word order and verb forms correctly."
"It 's more comfortable, faster and preferable than have to run to take the bus, wait the train, etc.","It’s more comfortable, faster, and preferable than having to run to catch the bus, wait for the train, etc.","The error is contraction, punctuation, and phrasing. Change ""It 's"" to ""It’s"" for the correct contraction. Add a comma after ""faster"" for list consistency. Change ""have to run"" to ""having to run"" for the correct gerund form. Change ""take"" to ""catch"" for more natural phrasing. Change ""wait the train"" to ""wait for the train"" for the correct preposition. This helps you use contractions, punctuation, and phrasing accurately."
"This is a fact which indicates the public transport there is no future in our society.","This is a fact that indicates there is no future for public transport in our society.","The error is relative pronoun and phrasing. Change ""which"" to ""that"" for the correct restrictive clause. Change ""the public transport there is no future"" to ""there is no future for public transport"" for clarity. This helps you use relative pronouns and phrasing correctly."
"Other signals are, for example, if you travel by car, you can park the car in front of the place where you want to go.","Other signs are, for example, that if you travel by car, you can park the car in front of the place where you want to go.","The error is word choice and conjunction. Change ""signals"" to ""signs"" for the correct context. Add ""that"" after ""example"" for the correct clause introduction. This helps you use word choice and conjunctions accurately."
"But if you take the bus, you have to take down in a bus stop, maybe a bit far from where you want to go.","But if you take the bus, you have to get off at a bus stop, which may be a bit far from where you want to go.","The error is phrasing and relative clause. Change ""take down"" to ""get off"" for the correct phrasing. Change ""in a bus stop"" to ""at a bus stop"" for the correct preposition. Add ""which"" before ""may"" for the correct relative clause. This helps you use phrasing and relative clauses effectively."
"Also it has to say that maybe in the future, technology will create a car that does n't pollute the air, and then, use public transport wo n't be necessary.","Also, it has to be said that maybe in the future, technology will create a car that doesn’t pollute the air, and then using public transport won’t be necessary.","The error is punctuation, phrasing, contraction, and verb form. Add a comma after ""Also"" for the introductory phrase. Change ""has to say"" to ""has to be said"" for the correct passive voice. Add a comma after ""future"" for clause separation. Change ""does n't"" to ""doesn’t"" for the correct contraction. Change ""use public transport"" to ""using public transport"" for the correct gerund form. Change ""wo n't"" to ""won’t"" for the correct contraction. This helps you use punctuation, phrasing, contractions, and verb forms accurately."
"yeah i think it 's statement is quite right because every person have car now a days.","Yes, I think this statement is quite right because every person has a car nowadays.","The error is capitalization, contraction, spelling, and subject-verb agreement. Change ""yeah"" to ""Yes"" for a more formal start. Capitalize ""I"" for consistency. Change ""it 's statement"" to ""this statement"" for clarity. Change ""have"" to ""has"" for the correct subject-verb agreement. Change ""now a days"" to ""nowadays"" for the correct spelling. This helps you use capitalization, contractions, spelling, and subject-verb agreement correctly."
"transport are are important but car is more reliable for families they went together without waiting for transport.","Transport is important, but a car is more reliable for families who travel together without waiting for transport.","The error is subject-verb agreement, article use, and relative clause. Change ""transport are are"" to ""Transport is"" for the correct singular form and capitalization. Add a comma before ""but"" for clause separation. Add ""a"" before ""car"" for the correct article use. Change ""they went"" to ""who travel"" for the correct relative clause. This helps you use subject-verb agreement, articles, and relative clauses accurately."
"more flexible with a lot fun with family.","It is more flexible and offers a lot of fun for a family.","The error is subject, phrasing, and article use. Add ""It is"" for the correct subject and verb. Change ""with a lot fun with family"" to ""and offers a lot of fun for a family"" for clarity and correct article use. This helps you use subjects, phrasing, and articles effectively."
"I live in a city named Tangerang it is in Indonesia.","I live in a city named Tangerang. It is in Indonesia.","The error is punctuation. Add a period after ""Tangerang"" to split the sentences. This helps you use punctuation correctly."
"The Indonesia Government itself does n't seem to give a damn about their country 's cleanliness, and the citizen too.","The Indonesian government itself doesn’t seem to care about their country’s cleanliness, and neither do the citizens.","The error is adjective form, contraction, phrasing, and plural. Change ""Indonesia Government"" to ""Indonesian government"" for the correct adjective form. Change ""does n't"" to ""doesn’t"" for the correct contraction. Change ""give a damn"" to ""care"" for a more formal tone. Change ""citizen"" to ""citizens"" for the correct plural form. Change ""too"" to ""neither do"" for the correct negation. This helps you use adjective forms, contractions, phrasing, and plurals accurately."
"it caused our river some big problems such as disease, unpleasant smell, flood, etc.","This has caused our river some big problems such as disease, unpleasant smells, floods, etc.","The error is capitalization, verb tense, and plural. Capitalize ""This"" for the sentence start. Change ""caused"" to ""has caused"" for the present perfect tense. Change ""smell"" to ""smells"" for the correct plural form. Change ""flood"" to ""floods"" for the correct plural form. This helps you use capitalization, verb tenses, and plurals correctly."
"i myself, by seeing the river filled with garbage, always seems to be disgusted by the stench and the unpleasant look from the garbage.","I myself, by seeing the river filled with garbage, always seem to be disgusted by the stench and the unpleasant appearance of the garbage.","The error is capitalization, subject-verb agreement, and preposition. Capitalize ""I"" for the sentence start. Change ""seems"" to ""seem"" for the correct subject-verb agreement. Change ""look"" to ""appearance"" for more varied phrasing. Change ""from"" to ""of"" for the correct preposition. This helps you use capitalization, subject-verb agreement, and prepositions accurately."
"And in Tangerang, the air is polluted by Carbon dioxide and the other materials.","And in Tangerang, the air is polluted by carbon dioxide and other chemicals.","The error is capitalization and word choice. Change ""Carbon dioxide"" to ""carbon dioxide"" for lowercase consistency. Change ""the other materials"" to ""other chemicals"" for more specific phrasing. This helps you use capitalization and word choice effectively."
"And also, after the river, the road in the city is also contaminated by the garbage.","Besides, after the river, the road in the city is also polluted by the garbage.","The error is conjunction and verb choice. Change ""And also"" to ""Besides"" for more varied phrasing. Change ""contaminated"" to ""polluted"" for a more natural synonym. This helps you use conjunctions and verb choice accurately."
"garbage everywhere.","Garbage everywhere.","The error is capitalization. Capitalize ""Garbage"" for the sentence start. This helps you use capitalization correctly."
"the condition of my country is really critical, I guess.","The condition of my country is really critical, I think.","The error is capitalization and phrasing. Capitalize ""The"" for the sentence start. Change ""I guess"" to ""I think"" for a more formal tone. This helps you use capitalization and phrasing effectively."
"And the amount of the city 's garden does n't match the amount of the population and pollution in that city.","And the amount of the city’s parks doesn’t match the amount of the population and pollution in that city.","The error is word choice and contraction. Change ""garden"" to ""parks"" for more accurate phrasing. Change ""does n't"" to ""doesn’t"" for the correct contraction. This helps you use word choice and contractions accurately."
"There are a lot of high - rise building and it provokes flood along the high - rise building 's section.","There are a lot of high-rise buildings, and it causes flooding along the buildings’ section.","The error is hyphenation, punctuation, verb choice, and possessive form. Change ""high - rise building"" to ""high-rise buildings"" for the correct hyphenation and plural form. Add a comma before ""and"" for clause separation. Change ""provokes flood"" to ""causes flooding"" for the correct verb and noun form. Change ""high - rise building 's"" to ""buildings’"" for the correct possessive form. This helps you use hyphenation, punctuation, verb choice, and possessive forms correctly."
"I wonder if the citizen in my country and town could make a better environment area by throwing garbage on its place and try using an eco - friendly transportation.","I wonder if the citizens in my country and town could make a better environment by throwing garbage in the correct place and trying to use eco-friendly transportation.","The error is plural, phrasing, preposition, and hyphenation. Change ""citizen"" to ""citizens"" for the correct plural form. Change ""environment area"" to ""environment"" for more concise phrasing. Change ""on its place"" to ""in the correct place"" for clarity. Change ""try using"" to ""trying to use"" for the correct gerund form. Add a hyphen to ""eco - friendly"" for consistency. This helps you use plurals, phrasing, prepositions, and hyphenation accurately."
"And the government, pls do n't be so flabby with your own citizen.","And the government, please don’t be so lenient with your own citizens.","The error is abbreviation, contraction, and word choice. Change ""pls"" to ""please"" for the correct spelling. Change ""do n't"" to ""don’t"" for the correct contraction. Change ""flabby"" to ""lenient"" for more natural phrasing. Change ""citizen"" to ""citizens"" for the correct plural form. This helps you use abbreviations, contractions, and word choice effectively."
"yes, be strict.","Yes, be strict.","The error is capitalization. Capitalize ""Yes"" for the sentence start. This helps you use capitalization correctly."
"I think it 's okay because the purpose of you doing that is to train the citizen to be more responsible for what they did. and, I think it 's enough from me.","I think it’s okay because the purpose of you doing that is to train the citizens to be more responsible for what they did. And, I think that’s enough from me.","The error is contraction, plural, and pronoun. Change ""it 's"" to ""it’s"" for the correct contraction (twice). Change ""citizen"" to ""citizens"" for the correct plural form. Capitalize ""And"" for the sentence start. Change ""it 's"" to ""that’s"" for the correct pronoun. This helps you use contractions, plurals, and pronouns accurately."
"I suppose, the government also have studied this situation too.","I suppose the government has also studied this situation.","The error is punctuation, verb tense, and redundancy. Remove the comma after ""suppose"" as it is unnecessary. Change ""have"" to ""has"" for the correct subject-verb agreement. Remove ""too"" as it is redundant. This helps you use punctuation, verb tenses, and avoid redundancy."
"But they did n't do that much after knowing this truth.","But they didn’t do that much after finding out this truth.","The error is contraction and phrasing. Change ""did n't"" to ""didn’t"" for the correct contraction. Change ""knowing"" to ""finding out"" for more varied phrasing. This helps you use contractions and phrasing effectively."
"I hope Indonesian government take an action about this situation because if it continues then Indonesia would be the most unclean country over the other countries.","I hope the Indonesian government takes action regarding this situation because if it continues, then Indonesia will be the most unclean country among other countries.","The error is article use, verb tense, punctuation, and preposition. Add ""the"" before ""Indonesian government"" for the correct article use. Change ""take"" to ""takes"" for the correct subject-verb agreement. Add a comma after ""continues"" for clause separation. Change ""would be"" to ""will be"" for the future tense. Change ""over the other countries"" to ""among other countries"" for the correct preposition. This helps you use articles, verb tenses, punctuation, and prepositions accurately."
"Alison read the note, smiled, and immediately put on her coat.","Alison read the note, smiled, and immediately put on her coat.","This sentence is grammatically correct. It uses the proper punctuation and verb forms to describe a sequence of actions."
"She looked like happy and she was looking forward to finishing the class to tell her friend what had happened.","She looked happy, and she was looking forward to finishing the class to tell her friend what had happened.","The error is phrasing and punctuation. Change ""looked like happy"" to ""looked happy"" for more natural phrasing. Add a comma before ""and"" for clause separation. This helps you use phrasing and punctuation correctly."
"After the class Alison joined her friends.","After the class, Alison joined her friends.","The error is punctuation. Add a comma after ""class"" for the introductory phrase. This helps you use punctuation accurately."
"She was very enthusiastic and telling them that Juan, the boy who she was fallen in love, had written a letter for her.","She was very enthusiastic and told them that Juan, the boy with whom she had fallen in love, had written a letter to her.","The error is verb form, relative clause, and preposition. Change ""telling"" to ""told"" for the correct past tense. Add commas before and after ""the boy..."" for the non-essential clause. Change ""who she was fallen in love"" to ""with whom she had fallen in love"" for grammatical correctness. Change ""for"" to ""to"" for the correct preposition. This helps you use verb forms, relative clauses, and prepositions accurately."
"Then the friends could not left to pay attention in the Alison 's words.","Then the friends could not fail to pay attention to Alison’s words.","The error is verb form, phrasing, and possessive form. Change ""could not left"" to ""could not fail"" for the correct modal verb. Change ""in"" to ""to"" for the correct preposition. Change ""the Alison 's"" to ""Alison’s"" for the correct possessive form. This helps you use verb forms, phrasing, and possessive forms correctly."
"She transcribed the letter with a lot of passion because it was evident that Juan was interested in Alison too.","She read the letter with a lot of passion because it was obvious that Juan was interested in Alison too.","The error is verb choice and adjective. Change ""transcribed"" to ""read"" for the correct context. Change ""evident"" to ""obvious"" for a more natural synonym. This helps you use verb choice and adjectives effectively."
"While all girls was hearding to Alison, Juan appeared as a gosh.","While all the girls were listening to Alison, Juan appeared as a shock.","The error is article use, verb form, spelling, and word choice. Add ""the"" before ""girls"" for the correct article use. Change ""was hearding"" to ""were listening"" for the correct verb form and spelling. Change ""as a gosh"" to ""as a shock"" for the correct word choice. This helps you use articles, verb forms, spelling, and word choice accurately."
"Alison was like tomato and all her friends laughed at her.","Alison went red as a beetroot, and all her friends laughed at her.","The error is phrasing and conjunction. Change ""was like tomato"" to ""went red as a beetroot"" for the correct idiomatic expression. Add a comma before ""and"" for clause separation. This helps you use phrasing and conjunctions effectively."
"The boy felt very embarrassed, therefore he carried on his ways and he did not say nothing to her.","The boy felt very embarrassed, so he carried on his way and did not say anything to her.","The error is conjunction, plural, and double negative. Change ""therefore"" to ""so"" for a more natural conjunction. Change ""ways"" to ""way"" for the correct singular form. Change ""did not say nothing"" to ""did not say anything"" to avoid the double negative. This helps you use conjunctions, plurals, and avoid double negatives."
"Alison always through: "" If I would not have told this story to my friends I had passed all evening with Juan ""","Alison always thought: ""If I had not told this story to my friends, I would have spent all evening with Juan.""","The error is verb form, punctuation, and conditional. Change ""through"" to ""thought"" for the correct spelling. Change ""If I would not have told"" to ""If I had not told"" for the correct subjunctive form. Add a comma after ""friends"" for clause separation. Change ""had passed"" to ""would have spent"" for the correct conditional form. This helps you use verb forms, punctuation, and conditionals accurately."
"I think that for the public transport there is a future, because over time the gasoline prices and the value of the reparations of the vehicles increase.","I think that there is a future for public transport because over time the gasoline prices and the cost of repairs to vehicles increase.","The error is phrasing and word choice. Change ""for the public transport there is a future"" to ""there is a future for public transport"" for clarity. Change ""reparations of the vehicles"" to ""repairs to vehicles"" for the correct phrasing. This helps you use phrasing and word choice effectively."
"Like in other things the prices increase, from the aliments to clothes and home supplies, gas, water, eletricity.. Then the people will choose the public transport in the future.","Like with other things, prices increase, from food to clothes and home supplies, gas, water, electricity. Then people will choose public transport in the future.","The error is punctuation, word choice, and spelling. Change ""Like in"" to ""Like with"" for the correct preposition. Add a comma after ""things"" for clarity. Change ""aliments"" to ""food"" for the correct word choice. Change ""eletricity"" to ""electricity"" for the correct spelling. Remove "".."" and add a period after ""electricity"" for punctuation. Remove ""the"" before ""people"" as it is unnecessary. Remove ""the"" before ""public transport"" as it is unnecessary. This helps you use punctuation, word choice, and spelling accurately."
"My relaxing activity","My relaxing activity","This is correct! It’s a valid heading."
"Swimming has been always my favourite sport.","Swimming has always been my favorite sport.","The error is adverb placement and spelling. Move ""always"" after ""has"" for the correct adverb placement. Change ""favourite"" to ""favorite"" for American English consistency. This helps you use adverb placement and spelling accurately."
"I used to go to the swimming pool when I was in the school to learn and it became in my favourite activity when I was really tired.","I used to go to the swimming pool when I was at school to learn, and it became my favorite activity when I was really tired.","The error is preposition, punctuation, and spelling. Change ""in the school"" to ""at school"" for the correct preposition. Add a comma before ""and"" for clause separation. Change ""favourite"" to ""favorite"" for American English consistency. Remove ""in"" before ""my favorite activity"" as it is unnecessary. This helps you use prepositions, punctuation, and spelling correctly."
"I was with my sister and my friends and I spent a wonderful moment.","I was with my sister and my friends, and I had a wonderful time.","The error is punctuation and phrasing. Add a comma before ""and"" for clause separation. Change ""spent a wonderful moment"" to ""had a wonderful time"" for more natural phrasing. This helps you use punctuation and phrasing effectively."
"Nowadays, I usually go swimming twice a week and I really enjoy swimming because I can chill out and disconnect my mind.","Nowadays, I usually go swimming twice a week, and I really enjoy swimming because I can chill out and disconnect my mind.","The error is punctuation. Add a comma before ""and"" for clause separation. This helps you use punctuation accurately."
"Moreover, it is said to be healthy in order to improve problems in the back so that going swimming is really beneficial for me.","Moreover, it is said to be healthy and improves problems with the back, so going swimming is really beneficial for me.","The error is phrasing and conjunction. Add ""and"" after ""healthy"" for the correct conjunction. Change ""in order to improve"" to ""and improves"" for more concise phrasing. Change ""in the back"" to ""with the back"" for the correct preposition. This helps you use phrasing and conjunctions effectively."
"In recent days I found out a gadget to listen to music while I am swimming and it is marvellous because I also love listening to music.","Recently, I found out about a gadget to listen to music while I am swimming, and it is marvelous because I also love listening to music.","The error is adverb, preposition, punctuation, and spelling. Change ""In recent days"" to ""Recently"" for the correct adverb. Add ""about"" after ""found out"" for the correct preposition. Add a comma before ""and"" for clause separation. Change ""marvellous"" to ""marvelous"" for American English consistency. This helps you use adverbs, prepositions, punctuation, and spelling accurately."
"To begginers in this sport I would recommend that a trainer teaches swimming properly because it is very important to pay attention to the position of the arms.","For beginners in this sport, I would recommend that a trainer teach swimming properly because it is very important to pay attention to the position of the arms.","The error is spelling, phrasing, and verb form. Change ""To begginers"" to ""For beginners"" for the correct preposition and spelling. Change ""teaches"" to ""teach"" for the correct subjunctive mood. This helps you use spelling, phrasing, and verb forms correctly."
"Furthermore, it is necessary to wear glasses.","Furthermore, it is necessary to wear goggles.","The error is word choice. Change ""glasses"" to ""goggles"" for the correct context in swimming. This helps you use word choice accurately."
"Swimming is one of the best sport to practise it is due to require all parts of the body.","Swimming is one of the best sports to do because it requires all parts of the body.","The error is plural, verb form, and phrasing. Change ""sport"" to ""sports"" for the correct plural form. Change ""to practise"" to ""to do"" for the correct gerund form. Change ""it is due to require"" to ""because it requires"" for clarity. This helps you use plurals, verb forms, and phrasing effectively."
"For this reason, it is a perfect activity to do sport and enjoy.","For this reason, it is a perfect activity to do sport and enjoy yourself.","The error is reflexive pronoun. Add ""yourself"" after ""enjoy"" for the correct reflexive pronoun. This helps you use reflexive pronouns accurately."
"There are lots of problems in our life.","There are lots of problems in our lives.","The error is plural form. Change ""life"" to ""lives"" for the correct plural form. This helps you use plural forms correctly."
"For example: Transport.","For example, transport.","The error is punctuation and capitalization. Change "":"" to "","" for the correct punctuation. Change ""Transport"" to ""transport"" for lowercase consistency. This helps you use punctuation and capitalization accurately."
"There are lots of kinds of Transportation as Buses, cars, Subways, Trains or taixs.","There are lots of kinds of transportation like buses, cars, subways, trains, or taxis.","The error is capitalization, preposition, and spelling. Change ""Transportation"" to ""transportation"" for lowercase consistency. Change ""as"" to ""like"" for the correct preposition. Lowercase ""Buses, cars, Subways, Trains"" for consistency. Change ""taixs"" to ""taxis"" for the correct spelling. Add a comma before ""or"" for list consistency. This helps you use capitalization, prepositions, and spelling correctly."
"May be they are comfortable, teribble, essay, dengerous or avrage.","Maybe they are comfortable, terrible, easy, dangerous, or average.","The error is spelling, conjunction, and word choice. Change ""May be"" to ""Maybe"" for the correct adverb. Change ""teribble"" to ""terrible"" for the correct spelling. Change ""essay"" to ""easy"" for the correct word choice. Change ""dengerous"" to ""dangerous"" for the correct spelling. Change ""avrage"" to ""average"" for the correct spelling. Add commas for list consistency. This helps you use spelling, conjunctions, and word choice accurately."
"If you are late, you can use subway because it is faster, safer and cheeper.","If you are late, you can use the subway because it is faster, safer, and cheaper.","The error is article use, punctuation, and spelling. Add ""the"" before ""subway"" for the correct article use. Add a comma after ""safer"" for list consistency. Change ""cheeper"" to ""cheaper"" for the correct spelling. This helps you use articles, punctuation, and spelling correctly."
"Cars and buses become dengerous and make Problem in the street.","Cars and buses become dangerous and cause problems in the street.","The error is spelling, verb choice, and article use. Change ""dengerous"" to ""dangerous"" for the correct spelling. Change ""make Problem"" to ""cause problems"" for the correct verb and plural form. Add ""the"" before ""street"" for specificity. This helps you use spelling, verb choice, and articles accurately."
"My view of eating habits.","My view of eating habits.","This is correct! It’s a valid heading."
"Why does our brain think about food every day?","Why does our brain think about food every day?","This sentence is grammatically correct. It uses the proper question form and tense."
"Why have you fridge in every single home?","Why do we have a fridge in every single home?","The error is pronoun and article use. Change ""have you fridge"" to ""do we have a fridge"" for the correct question form and article use. This helps you use pronouns and articles correctly."
"Why.....?","Why...?","The error is ellipsis. Change ""....."" to ""..."" for the correct ellipsis consistency. This helps you use punctuation accurately."
"Every day people thinking about fresh food, fast food, sweet food and many different types of food, why?","Every day, people think about fresh food, fast food, sweet food, and many different types of food. Why?","The error is verb form, punctuation, and phrasing. Add a comma after ""day"" for the introductory phrase. Change ""thinking"" to ""think"" for the correct present tense. Add commas for list consistency. Add a period before ""Why"" to split the sentences. This helps you use verb forms, punctuation, and phrasing effectively."
"Are you thinking that emotional eating is your bad habits?","Are you thinking that emotional eating is your bad habit?","The error is plural form. Change ""habits"" to ""habit"" for the correct singular form. This helps you use plural forms accurately."
"How often do you open your fridge?","How often do you open your fridge?","This sentence is grammatically correct. It uses the proper question form and tense."
"How many times are you going to shop for some snacks?","How many times do you go shopping for some snacks?","The error is verb form and phrasing. Change ""are you going to shop"" to ""do you go shopping"" for the correct present tense and phrasing. This helps you use verb forms and phrasing accurately."
"What happened with us.....","What happened to us...?","The error is preposition and punctuation. Change ""with"" to ""to"" for the correct preposition. Change ""....."" to ""..."" for the correct ellipsis. Add ""?"" for the question mark. This helps you use prepositions and punctuation correctly."
"I remembered that my childhood was very quite, happy around dinner at grandmother 's house.","I remember that my childhood was very quiet and happy around dinner at grandmother’s house.","The error is verb tense, conjunction, and possessive form. Change ""remembered"" to ""remember"" for the correct present tense. Change ""quite"" to ""quiet"" for the correct spelling. Add ""and"" after ""quiet"" for the correct conjunction. Change ""grandmother 's"" to ""grandmother’s"" for the correct possessive form. This helps you use verb tenses, conjunctions, and possessive forms accurately."
"Really, I told you that I was like a little bit future girl who has dinner regularly with two portion: soup and meal deal.","Really, I tell you that I was like a little bit futuristic girl who has dinner regularly with two portions: soup and a meal.","The error is verb tense, adjective form, and phrasing. Change ""told"" to ""tell"" for the correct present tense. Change ""future"" to ""futuristic"" for the correct adjective form. Change ""portion"" to ""portions"" for the correct plural form. Change ""meal deal"" to ""a meal"" for clarity. Add a colon after ""portions"" for the list introduction. This helps you use verb tenses, adjective forms, and phrasing effectively."
"So we can started from beginning: firstly, was breakfast which included some cereals with hot milk.","So we can start from the beginning: first, breakfast was included some cereals with hot milk.","The error is verb form, article use, and phrasing. Change ""started"" to ""start"" for the correct infinitive form. Add ""the"" before ""beginning"" for the correct article use. Change ""firstly"" to ""first"" for the correct ordinal. Move ""was"" after ""breakfast"" for more natural word order. This helps you use verb forms, articles, and phrasing accurately."
"Secondly, was lunch at school like sandwich and some fruit.","Second, lunch at school was with something like a sandwich and some fruit.","The error is ordinal, phrasing, and article use. Change ""Secondly"" to ""Second"" for the correct ordinal. Change ""like"" to ""was with something like"" for clarity. Add ""a"" before ""sandwich"" for the correct article use. This helps you use ordinals, phrasing, and articles correctly."
"After I was in home on dinner time and some dessert.","Later, I was at home at dinner time and had some dessert.","The error is preposition, phrasing, and verb form. Change ""After"" to ""Later"" for more varied phrasing. Change ""in home"" to ""at home"" for the correct preposition. Change ""on dinner time"" to ""at dinner time"" for the correct preposition. Change ""and some dessert"" to ""and had some dessert"" for the correct verb form. This helps you use prepositions, phrasing, and verb forms accurately."
"Could you see how easy and regular life I have got.","Can you see how easy and regular a life I have got?","The error is verb tense, article use, and punctuation. Change ""Could"" to ""Can"" for the correct present tense. Add ""a"" before ""life"" for the correct article use. Add a question mark for the correct punctuation. This helps you use verb tenses, articles, and punctuation correctly."
"My "" private menu "" included fresh eat like salad, fish, fruit and vegetables - many options healthy food.","My 'private menu' included fresh food like salad, fish, fruit, and vegetables—many options of healthy food.","The error is quotation marks, word choice, punctuation, and phrasing. Change the quotation marks to single quotes for consistency. Change ""eat"" to ""food"" for the correct noun form. Add commas for list consistency. Change ""-"" to ""—"" for the em dash. Add ""of"" before ""healthy food"" for the correct preposition. This helps you use quotation marks, word choice, punctuation, and phrasing accurately."